{
  "users": [
    {
      "id": "0",
      "username": "admin",
      "password": "admin",
      "firstname": "John",
      "lastname": "Doe"
    },
    {
      "id": "1",
      "username": "petras123",
      "password": "petraitis123",
      "firstname": "Petras",
      "lastname": "Petraitis"
    },
    {
      "id": "2",
      "username": "jonas123",
      "password": "jonaitis123",
      "firstname": "Jonas",
      "lastname": "Jonaitis"
    },
    {
      "id": "3",
      "username": "adminas",
      "password": "adminaspass",
      "firstname": "Adminasname",
      "lastname": "Adminaslastname"
    },
    {
      "id": "4",
      "username": "adminas123",
      "password": "adminaspass123",
      "firstname": "Adminasname123",
      "lastname": "Adminaslastname123"
    },
    {
      "id": "5",
      "username": "testuser",
      "password": "testpass",
      "firstname": "Testname",
      "lastname": "Testlastname"
    },
    {
      "id": "6",
      "username": "programuotojas",
      "password": "labas123",
      "firstname": "Programuotojas",
      "lastname": "Pavardenis"
    }
  ],
  "trips": [
    {
      "id": "0",
      "fromAddress": "Saulėtekio al. 11",
      "fromCity": "Vilnius",
      "fromCountry": "Lietuva",
      "toAddress": "Vilniaus g. 27",
      "toCity": "Vilnius",
      "toCountry": "Lietuva",
      "date": "2022-10-31",
      "price": "2",
      "freeSeats": 3,
      "driversName": "Simon R.",
      "driversRating": 5
    },
    {
      "id": "1",
      "fromAddress": "Justiniškių g. 77",
      "fromCity": "Vilnius",
      "fromCountry": "Lietuva",
      "toAddress": "Jogailos g. 12",
      "toCity": "Vilnius",
      "toCountry": "Lietuva",
      "date": "2022-11-01",
      "price": "2",
      "freeSeats": 3,
      "driversName": "Jonas J.",
      "driversRating": 4.47
    },
    {
      "id": "2",
      "fromAddress": "Oginskio g. 5",
      "fromCity": "Vilnius",
      "fromCountry": "Lietuva",
      "toAddress": "Pilies g. 27",
      "toCity": "Vilnius",
      "toCountry": "Lietuva",
      "date": "2022-11-01",
      "price": "3",
      "freeSeats": 3,
      "driversName": "Petras P.",
      "driversRating": 4.98
    },
    {
      "id": "3",
      "fromAddress": "Taikos g. 14",
      "fromCity": "Vilnius",
      "fromCountry": "Lietuva",
      "toAddress": "Bitininkų g. 1",
      "toCity": "Vilnius",
      "toCountry": "Lietuva",
      "date": "2022-12-13",
      "price": "3",
      "freeSeats": "2",
      "driversName": "John D.",
      "driversRating": 5
    }
  ]
}